commit_id,NC
c82403afc137e82dbb9b3526df3fac7d6d6b5abb,11
b252cad078d00c9cd53a354490f291fc89172f58,11
83ce4cbe34858a6a78cddb11dbaa9702b3caae04,11
b3d4295b9b1dab94f23da0c5f87cfcdfc3a9169b,11
f6c1d2bc20ec0ec8aaacbfb75a73b5b62651e80e,11
b989227c0eea2f998f9d20274b4879b306eb052e,10
fc4458eed6e594438f1c736375b7ea81715020d0,10
60003007dff7bf705ed4ccc4bee00d358773a79c,10
8018df4170108a6cfaca4639bb92cbba92a19093,10
b8cd9e0a747aa329357b10e189bb2d1572337ad2,10
71df33cad9e26fe1d5682e13e2eb657f64792703,10
d3d822eea106352d39822e8d195d606fad5a46fb,10
a26085f6f8ef77deeaf96cbc450e2c8a4e1fc1b8,10
9b89a47e567f9e31813a87604ec5553e83ba5aca,10
cf5a0c9613d1012421da0d3d5ecbb2adbed677df,10
335c45fdb218ab2a8dfad94698689842575206d1,7
20f07d449ae28b58105efaf148b3f8f4f4fb15c8,6
298775f1648e1071e014b66193c60bd13ac69887,5
059eb3298ce8e6f08db3dc0ee493a0049abec990,6
9126cea65647e2a6553065c069450c92c6b3469f,6
14a6f8798f76ce76a56fb2c18ce15dd708d4ea00,6
5950e0c30d2b48dcd975828789b0f7fb594a828e,5
6879a478071fcf4590b4b973bc807294ce2e5e3a,2
280dea0468cb967e32cee26f0034967a6b1eaf95,1
